date,code,score,price_941,change_941,limit_up,limit_down,in_topk
2026-07-03,SZ300694,0.1344079108900389,12.248000144958496,-0.0014204960316419,0.1949999928474426,-0.1949999928474426,True
2026-07-03,SZ000951,0.1266335114147354,78.8290023803711,0.0173376817256212,0.0949999988079071,-0.0949999988079071,True
2026-07-03,SZ301222,0.1097689551723639,49.2400016784668,-0.0217850971966981,0.1949999928474426,-0.1949999928474426,True
2026-07-03,SH688068,0.1032600887919131,178.33200073242188,0.0526693202555179,0.1949999928474426,-0.1949999928474426,True
2026-07-03,SH688305,0.0982899330440088,99.56800079345705,0.0056091821752488,0.1949999928474426,-0.1949999928474426,True
2026-07-03,SZ301163,0.0964156636182647,26.06999969482422,-0.0049283420667052,0.1949999928474426,-0.1949999928474426,True
2026-07-03,SZ002696,0.0897896944649393,21.450000762939453,-0.0038552461192011,0.0949999988079071,-0.0949999988079071,True
2026-07-03,SH600490,0.0714288896284774,88.73799896240234,0.0102070942521095,0.0949999988079071,-0.0949999988079071,True
2026-07-03,SH688577,0.0701517945652745,158.4969940185547,0.0897069573402404,0.1949999928474426,-0.1949999928474426,True
2026-07-03,SZ002258,0.0605340457076062,80.66999816894531,-0.0235535558313131,0.0949999988079071,-0.0949999988079071,True
2026-07-03,SZ301008,0.0598547555601886,54.766998291015625,-0.014180302619934,0.1949999928474426,-0.1949999928474426,False
2026-07-03,SH600480,0.0586886407429058,29.461000442504883,-0.0043290555477142,0.0949999988079071,-0.0949999988079071,False
2026-07-03,SZ300885,0.0572967058480063,84.49199676513672,-0.005313049070537,0.1949999928474426,-0.1949999928474426,False
2026-07-03,SZ300765,0.0556886904403234,206.1219940185547,0.000265953480266,0.1949999928474426,-0.1949999928474426,False
2026-07-03,SH600449,0.0519373691143193,49.57799911499024,0.0352642238140106,0.0949999988079071,-0.0949999988079071,False
2026-07-03,SZ001313,0.0514887002524895,8.357000350952148,-0.0583485439419746,0.0949999988079071,-0.0949999988079071,False
2026-07-03,SZ000572,0.0490790069988958,14.230999946594238,-0.0533376261591911,0.0949999988079071,-0.0949999988079071,False
2026-07-03,SZ301119,0.0474128219024322,52.81499862670898,0.0657494217157363,0.1949999928474426,-0.1949999928474426,False
2026-07-03,SH688077,0.0441437932567612,45.73500061035156,0.0391019321978092,0.1949999928474426,-0.1949999928474426,False
2026-07-03,SZ300931,0.0441412407701111,16.479999542236328,-0.0201098136603832,0.1949999928474426,-0.1949999928474426,False
2026-07-03,SZ301149,0.0436664291527814,12.079999923706056,-0.0262666773051023,0.1949999928474426,-0.1949999928474426,False
2026-07-03,SZ300418,0.0395974289626018,179.17300415039062,-0.0133060924708843,0.1949999928474426,-0.1949999928474426,False
2026-07-03,SZ002580,0.0345179242467842,85.78099822998047,-0.0580072551965713,0.0949999988079071,-0.0949999988079071,False
2026-07-03,SH603337,0.0335262810370194,93.25700378417967,0.0140515342354774,0.0949999988079071,-0.0949999988079071,False
2026-07-03,SH603505,0.0306957789261964,84.31900024414062,-0.0649487599730491,0.0949999988079071,-0.0949999988079071,False
2026-07-03,SH603608,0.0289276722368267,38.75,0.0485015995800495,0.0949999988079071,-0.0949999988079071,False
2026-07-03,SZ300020,0.0266037071209045,29.28199958801269,0.024659264832735,0.1949999928474426,-0.1949999928474426,False
2026-07-03,SZ300154,0.0240402696355212,49.7400016784668,0.0404759794473648,0.1949999928474426,-0.1949999928474426,False
2026-07-03,SZ001319,0.0215008993361482,24.01000022888184,0.0109831802546978,0.0949999988079071,-0.0949999988079071,False
2026-07-03,SZ300111,0.0205550258308323,7.484000205993652,-0.0676127821207046,0.1949999928474426,-0.1949999928474426,False
2026-07-03,SH603338,0.0196392047206807,376.4150085449219,0.0666296184062957,0.0949999988079071,-0.0949999988079071,False
2026-07-03,SH603273,0.0192713491803666,14.220000267028809,-0.0323014259338378,0.0949999988079071,-0.0949999988079071,False
2026-07-03,SZ000601,0.0122213332726827,92.26200103759766,-0.0578813478350639,0.0949999988079071,-0.0949999988079071,False
2026-07-03,SH603416,0.0106158104601257,87.0530014038086,-0.0098811304196715,0.0949999988079071,-0.0949999988079071,False
2026-07-03,SZ002354,0.0085399774857566,27.78400039672852,-0.0742179006338119,0.0949999988079071,-0.0949999988079071,False
2026-07-03,SZ001378,0.0074730505214091,27.95800018310547,-0.009140876121819,0.0949999988079071,-0.0949999988079071,False
2026-07-03,SZ000700,0.0050696177852323,188.68899536132807,-0.0269831158220767,0.0949999988079071,-0.0949999988079071,False
2026-07-03,SZ002584,0.003158148239796,26.62299919128418,-0.0701323375105857,0.0949999988079071,-0.0949999988079071,False
2026-07-03,SZ002392,0.0010248420557202,73.4739990234375,0.0019900831393897,0.0949999988079071,-0.0949999988079071,False
2026-07-03,SZ300740,4.707699676102491e-05,60.58000183105469,0.0455175004899501,0.1949999928474426,-0.1949999928474426,False
2026-07-03,SH603286,-0.0083066655777978,54.43899917602539,0.0449493378400802,0.0949999988079071,-0.0949999988079071,False
2026-07-03,SZ002235,-0.0162071778612204,39.70000076293945,0.0343225672841072,0.0949999988079071,-0.0949999988079071,False
2026-07-03,SH601678,-0.0176142210576952,29.86000061035156,-0.0838617086410522,0.0949999988079071,-0.0949999988079071,False
2026-07-03,SH603261,-0.0201603196137503,53.35499954223633,0.067933052778244,0.0949999988079071,-0.0949999988079071,False
2026-07-03,SZ301696,-0.0203944054104098,131.00999450683594,-0.0333574190735816,0.1949999928474426,-0.1949999928474426,False
2026-07-03,SZ300550,-0.0225160212500569,44.10599899291992,0.0160263143479824,0.1949999928474426,-0.1949999928474426,False
2026-07-03,SZ000955,-0.0227113212410179,8.543999671936035,-0.0673416182398796,0.0949999988079071,-0.0949999988079071,False
2026-07-03,SZ002596,-0.0252446415523756,15.87399959564209,-0.0198992919176816,0.0949999988079071,-0.0949999988079071,False
2026-07-03,SZ002652,-0.025281875958101,21.084999084472656,-0.0997830778360366,0.0949999988079071,-0.0949999988079071,False
2026-07-03,SZ301019,-0.0265289437996303,46.415000915527344,-0.039466094225645,0.1949999928474426,-0.1949999928474426,False
2026-07-03,SH600172,-0.0270091835577992,128.6230010986328,-0.0677764192223548,0.0949999988079071,-0.0949999988079071,False
2026-07-03,SZ002998,-0.0276222132576321,8.609999656677246,-0.0237027071416378,0.0949999988079071,-0.0949999988079071,False
2026-07-03,SZ002693,-0.0282581667652786,36.244998931884766,-0.0184237826615571,0.0949999988079071,-0.0949999988079071,False
2026-07-03,SZ002931,-0.0290362270362128,163.5500030517578,0.0173828192055225,0.0949999988079071,-0.0949999988079071,False
2026-07-03,SH600641,-0.0299920513018772,755.8729858398438,0.0458597876131534,0.0949999988079071,-0.0949999988079071,False
2026-07-03,SZ002674,-0.0305657725658538,31.39999961853028,-0.0231010112911462,0.0949999988079071,-0.0949999988079071,False
2026-07-03,SZ002020,-0.0310478499391221,128.02200317382812,0.0155907161533832,0.0949999988079071,-0.0949999988079071,False
2026-07-03,SZ000892,-0.0322897761800577,8.777999877929688,-0.0875260382890701,0.0949999988079071,-0.0949999988079071,False
2026-07-03,SZ002029,-0.0325684972007458,68.18199920654297,0.0313554294407367,0.0949999988079071,-0.0949999988079071,False
2026-07-03,SZ301092,-0.0339448829286756,58.459999084472656,-0.0259958319365978,0.1949999928474426,-0.1949999928474426,False
2026-07-03,SZ003030,-0.0359235660223236,23.57999992370605,0.00773640954867,0.0949999988079071,-0.0949999988079071,False
2026-07-03,SZ000908,-0.0373634103617781,21.586000442504883,0.0567406304180622,0.0949999988079071,-0.0949999988079071,False
2026-07-03,SZ002458,-0.038209225566771,103.49700164794922,-0.0158273112028837,0.0949999988079071,-0.0949999988079071,False
2026-07-03,SH603638,-0.0387761593941506,119.84500122070312,0.003276887582615,0.0949999988079071,-0.0949999988079071,False
2026-07-03,SZ002971,-0.0409806877729797,97.12000274658205,-0.0118659920990467,0.0949999988079071,-0.0949999988079071,False
2026-07-03,SZ000520,-0.0472339217162098,30.16200065612793,0.010980830527842,0.0949999988079071,-0.0949999988079071,False
2026-07-03,SZ300071,-0.0488747529716319,45.96200180053711,-0.0716413855552673,0.1949999928474426,-0.1949999928474426,False
2026-07-03,SZ002427,-0.0526516269081554,10.767000198364258,-0.0336371324956417,0.0949999988079071,-0.0949999988079071,False
2026-07-03,SZ300695,-0.0527574485044105,98.58300018310548,0.053565427660942,0.1949999928474426,-0.1949999928474426,False
2026-07-03,SZ002250,-0.0535000513625046,93.71800231933594,0.0138404518365859,0.0949999988079071,-0.0949999988079071,False
2026-07-03,SZ002559,-0.0597256029971354,94.12999725341795,-0.0834696739912033,0.0949999988079071,-0.0949999988079071,False
2026-07-03,SZ000536,-0.0602096159797494,17.156999588012695,0.0026785293594002,0.0949999988079071,-0.0949999988079071,False
2026-07-03,SZ000592,-0.0614662186024397,51.68000030517578,-0.088450863957405,0.0949999988079071,-0.0949999988079071,False
2026-07-03,SH603135,-0.0671535757297021,19.53199958801269,-0.0078204935416579,0.0949999988079071,-0.0949999988079071,False
2026-07-03,SH600156,-0.0686620606557749,12.79599952697754,-0.0097170928493142,0.0949999988079071,-0.0949999988079071,False
2026-07-03,SH603538,-0.0691940688171656,65.02100372314453,-0.0329293645918369,0.0949999988079071,-0.0949999988079071,False
2026-07-03,SZ000576,-0.0775013005211952,55.4739990234375,0.0654665157198906,0.0949999988079071,-0.0949999988079071,False
2026-07-03,SH603778,-0.0809913750365453,75.0780029296875,-0.0738543272018432,0.0949999988079071,-0.0949999988079071,False
2026-07-03,SH600630,-0.0816779509070584,18.16900062561035,-0.1000935658812522,0.0949999988079071,-0.0949999988079071,False
2026-07-03,SZ002995,-0.0933632518858078,50.03900146484375,-0.0920262336730957,0.0949999988079071,-0.0949999988079071,False
2026-07-03,SZ002826,-0.0936420358973108,18.809999465942383,-0.0065130977891385,0.0949999988079071,-0.0949999988079071,False
2026-07-03,SZ000566,-0.1017349753877048,48.375,0.0070633627474308,0.0949999988079071,-0.0949999988079071,False
2026-07-03,SH603759,-0.1048138646607674,12.711000442504885,0.0367132984101772,0.0949999988079071,-0.0949999988079071,False
2026-07-03,SZ002842,-0.1293167073641985,127.97799682617188,-0.0716458857059478,0.0949999988079071,-0.0949999988079071,False
2026-07-03,SH688216,-0.1362280347979916,44.52000045776367,-0.1438460648059845,0.1949999928474426,-0.1949999928474426,False
2026-07-03,SZ000890,-0.1600366658137486,20.86100006103516,-0.0997782796621322,0.0949999988079071,-0.0949999988079071,False
2026-07-03,SZ002798,-0.2786329503250593,19.871000289916992,0.0397393107414245,0.0949999988079071,-0.0949999988079071,False
2026-07-03,SZ300069,-0.3189152953360212,80.13700103759766,0.0336853712797164,0.1949999928474426,-0.1949999928474426,False
2026-07-06,SZ300695,0.1598881763495463,110.0530014038086,0.0394624434411525,0.1949999928474426,-0.1949999928474426,True
2026-07-06,SH688310,0.1425079390502978,37.4739990234375,0.0214920863509178,0.1949999928474426,-0.1949999928474426,True
2026-07-06,SZ301005,0.1364283177874766,382.5830078125,-0.0207155365496873,0.1949999928474426,-0.1949999928474426,True
2026-07-06,SH688270,0.1352241699855117,268.3550109863281,0.0548827089369297,0.1949999928474426,-0.1949999928474426,True
2026-07-06,SH603338,0.1351463193729576,398.43499755859375,0.0285568032413721,0.0949999988079071,-0.0949999988079071,True
2026-07-06,SZ300487,0.1323049459032474,427.8429870605469,-0.0160013772547245,0.1949999928474426,-0.1949999928474426,True
2026-07-06,SZ301499,0.1309354738559788,34.779998779296875,-0.0095975389704108,0.1949999928474426,-0.1949999928474426,True
2026-07-06,SH688636,0.1308555615115767,140.86900329589844,0.0485253669321537,0.1949999928474426,-0.1949999928474426,True
2026-07-06,SZ300163,0.1278892804402085,50.84000015258789,0.0963470786809921,0.1949999928474426,-0.1949999928474426,True
2026-07-06,SH603013,0.1276928364252534,21.309999465942383,-0.0195004101842641,0.0949999988079071,-0.0949999988079071,True
2026-07-06,SH600143,0.1172210164298609,228.5709991455078,-0.018973808735609,0.0949999988079071,-0.0949999988079071,False
2026-07-06,SH688387,0.1153022816251809,21.209999084472656,0.0028368541970849,0.1949999928474426,-0.1949999928474426,False
2026-07-06,SH601100,0.113295549452823,389.4299926757813,-0.0094496738165616,0.0949999988079071,-0.0949999988079071,False
2026-07-06,SZ301165,0.1126157308141909,193.134994506836,0.024604482576251,0.1949999928474426,-0.1949999928474426,False
2026-07-06,SH688523,0.1125766981146445,56.20000076293945,-0.0476107187569141,0.1949999928474426,-0.1949999928474426,False
2026-07-06,SH601689,0.1047255061110157,137.4409942626953,0.0019398350268602,0.0949999988079071,-0.0949999988079071,False
2026-07-06,SH603278,0.1015740984634402,17.047000885009766,-0.0408383384346962,0.0949999988079071,-0.0949999988079071,False
2026-07-06,SZ301051,0.1014660167836824,85.2300033569336,0.0432752817869186,0.1949999928474426,-0.1949999928474426,False
2026-07-06,SZ301603,0.0904793660015232,154.66000366210938,-0.0406915508210659,0.1949999928474426,-0.1949999928474426,False
2026-07-06,SH600769,0.0899979885040052,86.88300323486328,-0.04242779687047,0.0949999988079071,-0.0949999988079071,False
2026-07-06,SH603726,0.0875512497701579,74.89600372314453,-0.028468869626522,0.0949999988079071,-0.0949999988079071,False
2026-07-06,SZ300817,0.0834549086292752,50.24800109863281,-0.0342034175992012,0.1949999928474426,-0.1949999928474426,False
2026-07-06,SH688716,0.0730611075306451,38.47999954223633,0.035526618361473,0.1949999928474426,-0.1949999928474426,False
2026-07-06,SH600841,0.0728964535553263,15.82699966430664,0.0082911904901266,0.0949999988079071,-0.0949999988079071,False
2026-07-06,SH603303,0.0718574294965408,60.060001373291016,0.0427487641572952,0.0949999988079071,-0.0949999988079071,False
2026-07-06,SZ301588,0.0692872329885288,53.59999847412109,-0.0117424950003623,0.1949999928474426,-0.1949999928474426,False
2026-07-06,SH605028,0.0686116078900446,27.700000762939453,-0.0024485138710588,0.0949999988079071,-0.0949999988079071,False
2026-07-06,SH688098,0.066553945734853,10.024999618530272,-0.0248434208333492,0.1949999928474426,-0.1949999928474426,False
2026-07-06,SZ300878,0.0646763346660223,71.25399780273438,-0.031548261642456,0.1949999928474426,-0.1949999928474426,False
2026-07-06,SH600592,0.064228235712254,36.95899963378906,-0.0205232594162225,0.0949999988079071,-0.0949999988079071,False
2026-07-06,SZ301539,0.059409144843238,14.899999618530272,-0.0140011738985776,0.1949999928474426,-0.1949999928474426,False
2026-07-06,SZ300777,0.0592370004748598,30.63500022888184,-0.023375604301691,0.1949999928474426,-0.1949999928474426,False
2026-07-06,SZ301413,0.0583732115162637,135.06300354003906,-0.045097891241312,0.1949999928474426,-0.1949999928474426,False
2026-07-06,SZ300809,0.0580973804363641,47.63899993896485,-0.0409193933010101,0.1949999928474426,-0.1949999928474426,False
2026-07-06,SZ300952,0.0575970732299469,28.96999931335449,-0.0194981172680854,0.1949999928474426,-0.1949999928474426,False
2026-07-06,SZ300129,0.0573387086345019,59.28499984741211,-0.0506075769662857,0.1949999928474426,-0.1949999928474426,False
2026-07-06,SZ301596,0.0569202469686836,124.17400360107422,-0.0211656354367733,0.1949999928474426,-0.1949999928474426,False
2026-07-06,SZ300139,0.0550501853003511,225.8699951171875,0.0163815189152956,0.1949999928474426,-0.1949999928474426,False
2026-07-06,SH688192,0.0535372861522858,49.310001373291016,0.017120499163866,0.1949999928474426,-0.1949999928474426,False
2026-07-06,SZ300969,0.0534346391015099,234.96600341796875,0.0151948546990752,0.1949999928474426,-0.1949999928474426,False
2026-07-06,SH603165,0.0516524474789945,39.45700073242188,-0.0164810847491025,0.0949999988079071,-0.0949999988079071,False
2026-07-06,SZ300223,0.0498992310813864,617.3330078125,-0.0520967952907085,0.1949999928474426,-0.1949999928474426,False
2026-07-06,SZ300415,0.0492854792747341,90.56800079345705,-0.0215572230517864,0.1949999928474426,-0.1949999928474426,False
2026-07-06,SH600391,0.0487979653614553,64.86199951171875,-0.0112295672297477,0.0949999988079071,-0.0949999988079071,False
2026-07-06,SH603012,0.048322693284445,19.1299991607666,-0.0169332269579172,0.0949999988079071,-0.0949999988079071,False
2026-07-06,SH603596,0.0470670225752588,58.50699996948242,-0.0162319634109735,0.0949999988079071,-0.0949999988079071,False
2026-07-06,SH605305,0.0463696474861699,93.51399993896484,0.0039128907956182,0.0949999988079071,-0.0949999988079071,False
2026-07-06,SZ300745,0.0447770920045302,51.20500183105469,0.0630354955792427,0.1949999928474426,-0.1949999928474426,False
2026-07-06,SZ300549,0.0435931003388268,31.920000076293945,-0.0399149917066097,0.1949999928474426,-0.1949999928474426,False
2026-07-06,SH603051,0.0431025225706647,32.97999954223633,0.03473462164402,0.0949999988079071,-0.0949999988079071,False
2026-07-06,SZ301379,0.0429777158519381,100.46199798583984,0.1161196455359458,0.1949999928474426,-0.1949999928474426,False
2026-07-06,SZ300718,0.0429006510683566,227.447998046875,-0.045895729213953,0.1949999928474426,-0.1949999928474426,False
2026-07-06,SZ301225,0.0414558984043761,100.44000244140624,0.0347722843289375,0.1949999928474426,-0.1949999928474426,False
2026-07-06,SH688114,0.0411421784646933,58.02000045776367,-0.0226728469133377,0.1949999928474426,-0.1949999928474426,False
2026-07-06,SH605255,0.0398773884520115,78.69999694824219,0.0314472466707229,0.0949999988079071,-0.0949999988079071,False
2026-07-06,SZ301368,0.0391308904963129,48.47700119018555,-0.0373972840607166,0.1949999928474426,-0.1949999928474426,False
2026-07-06,SH603915,0.0318580981904291,24.10199928283692,-0.0160819292068481,0.0949999988079071,-0.0949999988079071,False
2026-07-06,SZ300018,0.0305251749946067,90.9800033569336,-0.0181719698011875,0.1949999928474426,-0.1949999928474426,False
2026-07-06,SH688311,0.0286243846496548,45.95700073242188,0.0369912162423133,0.1949999928474426,-0.1949999928474426,False
2026-07-06,SZ300115,0.025853755961485,379.6340026855469,-0.0354897677898407,0.1949999928474426,-0.1949999928474426,False
2026-07-06,SH600990,0.0258441679107284,69.80400085449219,0.0206162706017494,0.0949999988079071,-0.0949999988079071,False
2026-07-06,SZ300660,0.0242796256676559,182.2779998779297,-0.0646532624959945,0.1949999928474426,-0.1949999928474426,False
2026-07-06,SZ301199,0.0237646471306621,30.92399978637696,0.0194931384176015,0.1949999928474426,-0.1949999928474426,False
2026-07-06,SZ300503,0.0222752882105518,278.63800048828125,-4.463763616513461e-05,0.1949999928474426,-0.1949999928474426,False
2026-07-06,SZ300403,0.0205222248153787,59.77299880981445,-0.0447720363736152,0.1949999928474426,-0.1949999928474426,False
2026-07-06,SH603717,0.0167180418984744,10.06999969482422,-0.0385299250483512,0.0949999988079071,-0.0949999988079071,False
2026-07-06,SH688661,0.0131976081547146,273.3280029296875,-0.076319508254528,0.1949999928474426,-0.1949999928474426,False
2026-07-06,SH688068,0.011683928053291,208.197998046875,0.1047374159097671,0.1949999928474426,-0.1949999928474426,False
2026-07-06,SH603798,0.0049517963970646,41.52399826049805,-0.0185904148966074,0.0949999988079071,-0.0949999988079071,False
2026-07-06,SH688017,0.0047883761966052,670.0579833984375,-0.0216987449675798,0.1949999928474426,-0.1949999928474426,False
2026-07-06,SH600801,0.0046150698378738,134.93899536132812,-0.0084381150081753,0.0949999988079071,-0.0949999988079071,False
2026-07-06,SH688322,0.0036939749299999,140.1699981689453,-0.0485984086990356,0.1949999928474426,-0.1949999928474426,False
2026-07-06,SH688698,-0.003011198354638,63.98899841308594,0.0110980896279215,0.1949999928474426,-0.1949999928474426,False
2026-07-06,SH600580,-0.0035208285612151,209.0189971923828,0.0155083043500781,0.0949999988079071,-0.0949999988079071,False
2026-07-06,SH603286,-0.0062073127131672,57.63899993896485,0.0054901195690035,0.0949999988079071,-0.0949999988079071,False
2026-07-06,SZ301520,-0.007442010151044,50.16400146484375,-0.0133937057107687,0.1949999928474426,-0.1949999928474426,False
2026-07-06,SZ300779,-0.0093547734999044,124.13600158691406,0.0599112324416637,0.1949999928474426,-0.1949999928474426,False
2026-07-06,SH600988,-0.0146672678422204,184.08399963378903,0.0638057813048362,0.0949999988079071,-0.0949999988079071,False
2026-07-06,SH601177,-0.0147840612120482,14.960000038146973,0.0112543068826198,0.0949999988079071,-0.0949999988079071,False
2026-07-06,SH603178,-0.0161591930248496,16.5,-0.000184280637768,0.0949999988079071,-0.0949999988079071,False
2026-07-06,SH603713,-0.0202234375660147,79.61000061035156,-0.0412157401442527,0.0949999988079071,-0.0949999988079071,False
2026-07-06,SH605068,-0.0287844483900845,19.8799991607666,-0.0252763610333204,0.0949999988079071,-0.0949999988079071,False
2026-07-06,SZ300580,-0.0290332400073152,60.76300048828125,0.016841946169734,0.1949999928474426,-0.1949999928474426,False
2026-07-06,SZ300985,-0.0334860547895374,70.39399719238281,0.0047476016916334,0.1949999928474426,-0.1949999928474426,False
2026-07-06,SH600530,-0.0348468257200758,26.07699966430664,0.0438913106918334,0.0949999988079071,-0.0949999988079071,False
2026-07-06,SZ300607,-0.0351031614545312,255.6929931640625,-0.0834008529782295,0.1949999928474426,-0.1949999928474426,False
2026-07-06,SH600376,-0.0420015325123349,35.768001556396484,0.0245504211634397,0.0949999988079071,-0.0949999988079071,False
2026-07-06,SH603730,-0.048726633730887,78.95700073242188,0.0029135425575077,0.0949999988079071,-0.0949999988079071,False
2026-07-06,SZ301232,-0.0499463458644997,350.3699951171875,-0.0206423867493867,0.1949999928474426,-0.1949999928474426,False
2026-07-06,SH601069,-0.0542214019734675,27.825000762939453,0.0533335097134113,0.0949999988079071,-0.0949999988079071,False
2026-07-06,SH603327,-0.0559150185831672,23.475000381469727,-0.035488948225975,0.0949999988079071,-0.0949999988079071,False
2026-07-06,SZ300912,-0.2039025695358955,30.507999420166016,0.0617195479571819,0.1949999928474426,-0.1949999928474426,False
2026-07-06,SH605189,-0.2439374079545359,25.677000045776367,-0.0367318280041217,0.0949999988079071,-0.0949999988079071,False
2026-07-06,SZ301529,-0.3522265994224079,187.1600036621093,0.0704949498176574,0.1949999928474426,-0.1949999928474426,False
2026-07-07,SZ301108,0.1368530234057913,39.69200134277344,0.022126467898488,0.1949999928474426,-0.1949999928474426,True
2026-07-07,SZ002245,0.1337583567307625,441.239013671875,-0.0087475823238492,0.0949999988079071,-0.0949999988079071,True
2026-07-07,SZ000066,0.1334889739752044,148.35000610351562,-0.0004151092143729,0.0949999988079071,-0.0949999988079071,True
2026-07-07,SH603903,0.1285442317831877,32.32500076293945,0.0068985680118203,0.0949999988079071,-0.0949999988079071,True
2026-07-07,SZ002919,0.1269785637170404,73.56700134277344,-0.0111894132569432,0.0949999988079071,-0.0949999988079071,True
2026-07-07,SZ300943,0.1256970210160326,75.02999877929688,-0.0218290761113166,0.1949999928474426,-0.1949999928474426,True
2026-07-07,SZ301379,0.1247124208285774,96.34600067138672,-0.0350277051329612,0.1949999928474426,-0.1949999928474426,True
2026-07-07,SH688206,0.1139533741764338,47.59000015258789,-0.026369759812951,0.1949999928474426,-0.1949999928474426,True
2026-07-07,SH603375,0.1109722372533239,50.04999923706055,-0.0267829336225986,0.0949999988079071,-0.0949999988079071,True
2026-07-07,SH603268,0.1039243742786488,226.79800415039065,-0.0110394470393657,0.0949999988079071,-0.0949999988079071,True
2026-07-07,SZ300929,0.0988665472399106,22.32999992370605,0.006923543754965,0.1949999928474426,-0.1949999928474426,False
2026-07-07,SH603067,0.0973836989919645,133.3699951171875,-0.0209268499165773,0.0949999988079071,-0.0949999988079071,False
2026-07-07,SH603221,0.0859062393427169,12.65999984741211,0.024299532175064,0.0949999988079071,-0.0949999988079071,False
2026-07-07,SH688372,0.0854070098501082,313.614013671875,0.0172155164182186,0.1949999928474426,-0.1949999928474426,False
2026-07-07,SH603477,0.0767748676354182,17.70800018310547,0.0223531704396009,0.0949999988079071,-0.0949999988079071,False
2026-07-07,SZ301296,0.0711863398090664,6.797999858856201,-0.0418496094644069,0.1949999928474426,-0.1949999928474426,False
2026-07-07,SH600215,0.0687144737258266,11.744999885559082,-0.030632235109806,0.0949999988079071,-0.0949999988079071,False
2026-07-07,SZ301398,0.067948608507281,61.9119987487793,0.0314872935414314,0.1949999928474426,-0.1949999928474426,False
2026-07-07,SH603757,0.0642024273351825,165.7830047607422,-0.0093920361250638,0.0949999988079071,-0.0949999988079071,False
2026-07-07,SH600470,0.0634174406120167,12.152000427246094,-0.0090565178543329,0.0949999988079071,-0.0949999988079071,False
2026-07-07,SH688767,0.0625620697331635,65.80999755859375,-0.0260768588632345,0.1949999928474426,-0.1949999928474426,False
2026-07-07,SH603087,0.0613976925051747,97.49199676513672,-0.0183102414011955,0.0949999988079071,-0.0949999988079071,False
2026-07-07,SZ300499,0.0596437125140245,164.38400268554688,-0.0029081257525831,0.1949999928474426,-0.1949999928474426,False
2026-07-07,SH688103,0.0586948108070558,90.84100341796876,0.050565268844366,0.1949999928474426,-0.1949999928474426,False
2026-07-07,SH600241,0.0562876613353533,12.78600025177002,-0.0556370802223682,0.0949999988079071,-0.0949999988079071,False
2026-07-07,SH688629,0.0555620301317141,207.5399932861328,0.0309449397027492,0.1949999928474426,-0.1949999928474426,False
2026-07-07,SH603090,0.0554835100194166,57.20000076293945,0.005687023513019,0.0949999988079071,-0.0949999988079071,False
2026-07-07,SZ002860,0.0515020690845422,64.1510009765625,-0.0265048053115606,0.0949999988079071,-0.0949999988079071,False
2026-07-07,SZ300677,0.050648798343477,266.2510070800781,0.0037361669819802,0.1949999928474426,-0.1949999928474426,False
2026-07-07,SZ300600,0.049120762857814,31.05500030517578,-0.0393314734101295,0.1949999928474426,-0.1949999928474426,False
2026-07-07,SZ002910,0.0441757047748519,12.61400032043457,0.0044273794628679,0.0949999988079071,-0.0949999988079071,False
2026-07-07,SZ300684,0.0413325968900665,215.18899536132807,-0.0497944429516792,0.1949999928474426,-0.1949999928474426,False
2026-07-07,SH600246,0.0408332897138662,134.45399475097656,0.0413864217698574,0.0949999988079071,-0.0949999988079071,False
2026-07-07,SH688197,0.0364510208089846,41.0,-0.0465116277337074,0.1949999928474426,-0.1949999928474426,False
2026-07-07,SZ301269,0.0361629217099596,118.0999984741211,0.0025548201519995,0.1949999928474426,-0.1949999928474426,False
2026-07-07,SH603118,0.0347049039281014,32.4640007019043,-0.0172684993594884,0.0949999988079071,-0.0949999988079071,False
2026-07-07,SZ000938,0.0344823295022227,147.27099609375,-0.0279900878667831,0.0949999988079071,-0.0949999988079071,False
2026-07-07,SH600172,0.0321762981260465,145.80799865722656,0.023834129795432,0.0949999988079071,-0.0949999988079071,False
2026-07-07,SH688071,0.0310049859846074,39.290000915527344,-0.0248200539499521,0.1949999928474426,-0.1949999928474426,False
2026-07-07,SH605377,0.0282184220086643,29.12700080871582,-0.0014815140748396,0.0949999988079071,-0.0949999988079071,False
2026-07-07,SZ002815,0.0281171813992295,36.52999877929688,-0.0353039465844631,0.0949999988079071,-0.0949999988079071,False
2026-07-07,SH603931,0.0278731415505797,116.47799682617188,-0.0274661760777235,0.0949999988079071,-0.0949999988079071,False
2026-07-07,SH688039,0.027193706774558,60.14699935913086,-0.0331689417362213,0.1949999928474426,-0.1949999928474426,False
2026-07-07,SZ002025,0.0263525960197925,435.30999755859375,-0.0235835127532482,0.0949999988079071,-0.0949999988079071,False
2026-07-07,SZ301201,0.0254493948019951,70.63800048828125,0.0146039919927716,0.1949999928474426,-0.1949999928474426,False
2026-07-07,SZ002793,0.0246137252043592,17.788000106811523,-0.0105485431849956,0.0949999988079071,-0.0949999988079071,False
2026-07-07,SH688175,0.0235818486968477,55.880001068115234,0.0349211320281028,0.1949999928474426,-0.1949999928474426,False
2026-07-07,SZ002042,0.0226856054436109,23.88800048828125,-0.017387306317687,0.0949999988079071,-0.0949999988079071,False
2026-07-07,SH600759,0.0213121376243841,8.651000022888184,-0.0362454429268837,0.0949999988079071,-0.0949999988079071,False
2026-07-07,SH605060,0.0197077060878133,60.55799865722656,0.0153679437935352,0.0949999988079071,-0.0949999988079071,False
2026-07-07,SH688702,0.0188841553996546,376.2099914550781,0.0538095012307167,0.1949999928474426,-0.1949999928474426,False
2026-07-07,SZ300338,0.01839142840108,13.826000213623049,-0.0664098560810089,0.1949999928474426,-0.1949999928474426,False
2026-07-07,SZ300821,0.0152968643623543,22.96999931335449,0.0047632209025323,0.1949999928474426,-0.1949999928474426,False
2026-07-07,SZ002141,0.0144463095889389,44.59299850463867,-0.003162674838677,0.0949999988079071,-0.0949999988079071,False
2026-07-07,SH603201,0.0115577535190664,40.01300048828125,0.001156518002972,0.0949999988079071,-0.0949999988079071,False
2026-07-07,SH601368,0.0072351813191785,5.502999782562256,-0.0333220399916172,0.0949999988079071,-0.0949999988079071,False
2026-07-07,SZ301191,0.0058313675950206,240.6060028076172,-0.0371420159935951,0.1949999928474426,-0.1949999928474426,False
2026-07-07,SZ000545,-0.0013540197700866,14.394000053405762,-0.0184578150510787,0.0949999988079071,-0.0949999988079071,False
2026-07-07,SZ000593,-0.002906918372342,150.68899536132812,0.0009919346775859,0.0949999988079071,-0.0949999988079071,False
2026-07-07,SZ301317,-0.0222043720551617,59.04999923706055,-0.0752597451210022,0.1949999928474426,-0.1949999928474426,False
2026-07-07,SH603269,-0.0283410437478112,89.55999755859375,0.0639994442462921,0.0949999988079071,-0.0949999988079071,False
2026-07-07,SZ000078,-0.0292581618654298,34.32600021362305,0.0745524019002914,0.0949999988079071,-0.0949999988079071,False
2026-07-07,SZ002828,-0.0295596822097406,20.632999420166016,0.0148721551522612,0.0949999988079071,-0.0949999988079071,False
2026-07-07,SH601101,-0.0306004022728474,49.00899887084961,-0.0261847916990518,0.0949999988079071,-0.0949999988079071,False
2026-07-07,SH688689,-0.0332736941726607,76.79299926757812,-0.0676500871777534,0.1949999928474426,-0.1949999928474426,False
2026-07-07,SZ001287,-0.0351528123872859,30.136999130249023,-0.0571146272122859,0.0949999988079071,-0.0949999988079071,False
2026-07-07,SZ301345,-0.0368222233197047,264.0,-0.0087652690708637,0.1949999928474426,-0.1949999928474426,False
2026-07-07,SZ301308,-0.0377120726455216,643.7109985351562,-0.05844596773386,0.1949999928474426,-0.1949999928474426,False
2026-07-07,SZ002403,-0.041572109488392,15.543999671936035,-0.0918147340416908,0.0949999988079071,-0.0949999988079071,False
2026-07-07,SH603800,-0.0464057805731195,88.66699981689453,0.0312818959355354,0.0949999988079071,-0.0949999988079071,False
2026-07-07,SZ002989,-0.0486241073543275,39.43999862670898,-0.0737305209040641,0.0949999988079071,-0.0949999988079071,False
2026-07-07,SZ300716,-0.0507329360791415,37.47800064086914,-0.1482520699501037,0.1949999928474426,-0.1949999928474426,False
2026-07-07,SZ002396,-0.0581437797995211,113.5250015258789,0.0603683069348335,0.0949999988079071,-0.0949999988079071,False
2026-07-07,SZ000892,-0.0590285866224265,9.354000091552734,-0.0143429571762681,0.0949999988079071,-0.0949999988079071,False
2026-07-07,SH603155,-0.0610938213496796,61.97200012207031,-0.048981137573719,0.0949999988079071,-0.0949999988079071,False
2026-07-07,SZ002329,-0.0615475992218738,20.083999633789062,0.0158425588160753,0.0949999988079071,-0.0949999988079071,False
2026-07-07,SH603861,-0.0708197940384978,15.60200023651123,0.0743765980005264,0.0949999988079071,-0.0949999988079071,False
2026-07-07,SZ002726,-0.0743629450185432,9.097000122070312,0.071272924542427,0.0949999988079071,-0.0949999988079071,False
2026-07-07,SH605196,-0.0765983250375137,26.739999771118164,-0.0899588242173194,0.0949999988079071,-0.0949999988079071,False
2026-07-07,SH603819,-0.083101278372496,28.86199951171875,0.0843387618660926,0.0949999988079071,-0.0949999988079071,False
2026-07-07,SH603815,-0.0870567903103681,6.75,0.0234446544200181,0.0949999988079071,-0.0949999988079071,False
2026-07-07,SH603823,-0.0970721825231047,130.74000549316406,0.0686645656824112,0.0949999988079071,-0.0949999988079071,False
2026-07-07,SZ002607,-0.1016279206635242,23.200000762939453,0.0515607073903083,0.0949999988079071,-0.0949999988079071,False
2026-07-07,SZ000301,-0.1035472091750416,24.48500061035156,-0.0668865665793418,0.0949999988079071,-0.0949999988079071,False
2026-07-07,SH600791,-0.1211851780473005,46.95600128173828,-0.0318377912044525,0.0949999988079071,-0.0949999988079071,False
2026-07-07,SH603020,-0.1254157498663337,31.07999992370605,-0.0756813585758209,0.0949999988079071,-0.0949999988079071,False
2026-07-07,SZ000656,-0.1270918909446176,17.87299919128418,-0.0301694814115762,0.0949999988079071,-0.0949999988079071,False
2026-07-07,SH600793,-0.1417100817560887,34.37200164794922,0.0704809799790382,0.0949999988079071,-0.0949999988079071,False
2026-07-07,SZ000601,-0.1719867335011848,94.34100341796876,-0.0513935722410678,0.0949999988079071,-0.0949999988079071,False
2026-07-07,SH600180,-0.1831663532819017,-0.4239999949932098,-0.1926133185625076,0.0949999988079071,-0.0949999988079071,False
2026-07-07,SZ002774,-0.2014782154945813,17.56399917602539,-0.039666760712862,0.0949999988079071,-0.0949999988079071,False
2026-07-07,SZ002457,-0.2449229066599215,39.24399948120117,0.0443116538226604,0.0949999988079071,-0.0949999988079071,False
2026-07-07,SH688496,-0.2485648825822026,1.00600004196167,-0.0907300040125846,0.1949999928474426,-0.1949999928474426,False
2026-07-07,SH603211,-0.2730349429205467,41.69499969482422,0.0492448322474956,0.0949999988079071,-0.0949999988079071,False
2026-07-07,SZ301139,-0.2832432319834176,3.736000061035156,-0.1259330660104751,0.1949999928474426,-0.1949999928474426,False
2026-07-07,SZ002767,-0.2886305545037756,29.961000442504883,-0.0137179670855402,0.0949999988079071,-0.0949999988079071,False
2026-07-07,SZ002175,-0.7074735400209139,18.43899917602539,-0.0228809490799903,0.0949999988079071,-0.0949999988079071,False
2026-07-08,SH688596,0.1498245192051092,77.37999725341797,-0.0258523430675268,0.1949999928474426,-0.1949999928474426,True
2026-07-08,SZ002558,0.1486238988996105,118.31800079345705,-0.0454569086432457,0.0949999988079071,-0.0949999988079071,True
2026-07-08,SZ002077,0.1389232850631082,27.302000045776367,0.0019962841179221,0.0949999988079071,-0.0949999988079071,True
2026-07-08,SH603065,0.1261326734805162,21.934999465942383,0.0522335655987262,0.0949999988079071,-0.0949999988079071,True
2026-07-08,SH600360,0.1218962224615137,97.98600006103516,-0.0141125656664371,0.0949999988079071,-0.0949999988079071,True
2026-07-08,SH688605,0.1215652127614509,112.36000061035156,-0.008724208921194,0.1949999928474426,-0.1949999928474426,True
2026-07-08,SZ300821,0.1189195152690641,25.420000076293945,0.0554591305553913,0.1949999928474426,-0.1949999928474426,True
2026-07-08,SZ002281,0.1188461724514837,667.3400268554688,-0.0076490589417517,0.0949999988079071,-0.0949999988079071,True
2026-07-08,SZ002129,0.1169117354612585,58.65900039672852,-0.023938687518239,0.0949999988079071,-0.0949999988079071,True
2026-07-08,SZ002584,0.1159474969446623,24.99799919128418,-0.0333074517548084,0.0949999988079071,-0.0949999988079071,True
2026-07-08,SH688813,0.1101634550683267,184.72000122070312,-0.0067215142771601,0.1949999928474426,-0.1949999928474426,False
2026-07-08,SZ300522,0.1037166713895349,117.20800018310548,0.0069122742861509,0.1949999928474426,-0.1949999928474426,False
2026-07-08,SZ301108,0.0930910529643461,39.73400115966797,-0.0342378132045269,0.1949999928474426,-0.1949999928474426,False
2026-07-08,SH688362,0.0920811781136281,100.83499908447266,-0.0176801271736621,0.1949999928474426,-0.1949999928474426,False
2026-07-08,SH688802,0.0889713328256076,834.6799926757812,0.0008273510029539,0.1949999928474426,-0.1949999928474426,False
2026-07-08,SZ002768,0.0874684534417332,276.1019897460937,0.0452475845813751,0.0949999988079071,-0.0949999988079071,False
2026-07-08,SH688595,0.0853259729605363,59.27199935913086,0.0005405387491919,0.1949999928474426,-0.1949999928474426,False
2026-07-08,SH688082,0.0818993399737056,397.1520080566406,-0.0023270766250789,0.1949999928474426,-0.1949999928474426,False
2026-07-08,SZ301045,0.0813226794028023,94.97000122070312,-0.0454608313739299,0.1949999928474426,-0.1949999928474426,False
2026-07-08,SZ000078,0.0808631936202097,38.369998931884766,0.0999998897314071,0.0949999988079071,-0.0949999988079071,False
2026-07-08,SZ000711,0.0783802443902374,44.55199813842773,0.0152681889012455,0.0949999988079071,-0.0949999988079071,False
2026-07-08,SZ300717,0.0764250726300519,38.64799880981445,-0.0401524789631366,0.1949999928474426,-0.1949999928474426,False
2026-07-08,SZ002457,0.0728315389274957,38.95600128173828,-0.0238422527909278,0.0949999988079071,-0.0949999988079071,False
2026-07-08,SZ001230,0.0728093024899424,31.979999542236328,0.0405252501368522,0.0949999988079071,-0.0949999988079071,False
2026-07-08,SH603893,0.0703719898424121,209.1300048828125,0.0786972269415855,0.0949999988079071,-0.0949999988079071,False
2026-07-08,SZ301053,0.0671931177859802,53.06900024414063,-0.0437220223248004,0.1949999928474426,-0.1949999928474426,False
2026-07-08,SH688584,0.066840793813573,34.638999938964844,-0.0442031621932983,0.1949999928474426,-0.1949999928474426,False
2026-07-08,SZ002617,0.0658272892092964,72.57499694824219,-0.0310233309864997,0.0949999988079071,-0.0949999988079071,False
2026-07-08,SH603823,0.065819401789348,122.84200286865234,-0.0879236906766891,0.0949999988079071,-0.0949999988079071,False
2026-07-08,SZ002605,0.0634885653608312,94.46700286865234,-0.0350225195288658,0.0949999988079071,-0.0949999988079071,False
2026-07-08,SZ300103,0.0624698195000401,38.37099838256836,-0.0426998846232891,0.1949999928474426,-0.1949999928474426,False
2026-07-08,SZ000970,0.0619741361607306,238.7740020751953,-0.0457390025258064,0.0949999988079071,-0.0949999988079071,False
2026-07-08,SH603333,0.0619475812314952,12.33899974822998,-0.0245583150535821,0.0949999988079071,-0.0949999988079071,False
2026-07-08,SH688652,0.0618818859276072,212.2700042724609,-0.0158689804375171,0.1949999928474426,-0.1949999928474426,False
2026-07-08,SZ002185,0.0613047133705861,251.79800415039065,0.0126529224216938,0.0949999988079071,-0.0949999988079071,False
2026-07-08,SH600110,0.0594920041252883,195.4100036621093,0.0008107590838335,0.0949999988079071,-0.0949999988079071,False
2026-07-08,SZ300533,0.0584335038377857,65.3489990234375,-0.0147461351007223,0.1949999928474426,-0.1949999928474426,False
2026-07-08,SZ300376,0.057930528300846,123.6269989013672,-0.0355384610593318,0.1949999928474426,-0.1949999928474426,False
2026-07-08,SZ301516,0.0576724515941916,18.38400077819824,-0.0273092575371265,0.1949999928474426,-0.1949999928474426,False
2026-07-08,SH600246,0.0571384831917425,149.86199951171875,0.0580452978610992,0.0949999988079071,-0.0949999988079071,False
2026-07-08,SZ001206,0.0565260794073583,45.86899948120117,0.028101934120059,0.0949999988079071,-0.0949999988079071,False
2026-07-08,SH600206,0.0546417086244256,174.69000244140625,0.0240673460066318,0.0949999988079071,-0.0949999988079071,False
2026-07-08,SH688392,0.0540533844371264,307.8380126953125,-0.0501719824969768,0.1949999928474426,-0.1949999928474426,False
2026-07-08,SZ002132,0.0524077364153962,33.91600036621094,-0.0526348054409027,0.0949999988079071,-0.0949999988079071,False
2026-07-08,SH688261,0.0494222280606307,176.5489959716797,-0.0339874848723411,0.1949999928474426,-0.1949999928474426,False
2026-07-08,SZ300745,0.0485236393560622,52.494998931884766,-0.0662648677825927,0.1949999928474426,-0.1949999928474426,False
2026-07-08,SH600288,0.0471747556539831,50.1619987487793,0.0001690241624601,0.0949999988079071,-0.0949999988079071,False
2026-07-08,SH688419,0.0434680045336522,92.91000366210938,-0.0422240830957889,0.1949999928474426,-0.1949999928474426,False
2026-07-08,SH688432,0.0417901761005513,46.025001525878906,-0.0065938006155192,0.1949999928474426,-0.1949999928474426,False
2026-07-08,SH688282,0.0408889230622795,68.49500274658203,-0.0048696459271013,0.1949999928474426,-0.1949999928474426,False
2026-07-08,SZ300228,0.0351873216734982,53.27199935913086,-0.0292837992310524,0.1949999928474426,-0.1949999928474426,False
2026-07-08,SH600584,0.0351659290951951,360.8619995117188,-0.03291667252779,0.0949999988079071,-0.0949999988079071,False
2026-07-08,SZ300540,0.0326277344171204,88.43499755859375,-0.0226140413433313,0.1949999928474426,-0.1949999928474426,False
2026-07-08,SZ300471,0.0323311847151965,48.65999984741211,-0.037757221609354,0.1949999928474426,-0.1949999928474426,False
2026-07-08,SZ300145,0.0320396478746037,120.7030029296875,-0.032018706202507,0.1949999928474426,-0.1949999928474426,False
2026-07-08,SH688702,0.0313509485998913,409.1099853515625,0.0709685459733009,0.1949999928474426,-0.1949999928474426,False
2026-07-08,SZ301539,0.0289503887493869,14.420000076293944,-0.0694514811038971,0.1949999928474426,-0.1949999928474426,False
2026-07-08,SZ300019,0.0273712011568208,145.5919952392578,0.0085398191586136,0.1949999928474426,-0.1949999928474426,False
2026-07-08,SZ300043,0.0232677409103921,109.72799682617188,0.0057779648341238,0.1949999928474426,-0.1949999928474426,False
2026-07-08,SH688176,0.0176489428335744,13.699999809265137,0.0458014830946922,0.1949999928474426,-0.1949999928474426,False
2026-07-08,SH603616,0.0172911607771139,11.53600025177002,-0.0654263794422149,0.0949999988079071,-0.0949999988079071,False
2026-07-08,SZ003004,0.0127257955561345,83.97000122070312,0.0386447459459304,0.0949999988079071,-0.0949999988079071,False
2026-07-08,SZ002329,0.0085892918982369,19.86000061035156,-0.0571900568902492,0.0949999988079071,-0.0949999988079071,False
2026-07-08,SZ002266,0.0076067770038389,61.63399887084961,-0.0657361075282096,0.0949999988079071,-0.0949999988079071,False
2026-07-08,SZ002031,0.0063652731048359,56.56999969482422,-0.0830522999167442,0.0949999988079071,-0.0949999988079071,False
2026-07-08,SZ300985,0.0049659239458378,76.19000244140625,-0.0434160754084587,0.1949999928474426,-0.1949999928474426,False
2026-07-08,SH603313,0.0034179445071541,13.54699993133545,0.05873629078269,0.0949999988079071,-0.0949999988079071,False
2026-07-08,SZ301595,-0.0024381711728169,47.29999923706055,-0.0255960952490568,0.1949999928474426,-0.1949999928474426,False
2026-07-08,SZ301151,-0.0028566850292305,22.86000061035156,0.0419068410992622,0.1949999928474426,-0.1949999928474426,False
2026-07-08,SZ002739,-0.0038977664474454,31.670000076293945,-0.001827536849305,0.0949999988079071,-0.0949999988079071,False
2026-07-08,SZ000973,-0.0121206207008106,42.400001525878906,-0.0189042463898658,0.0949999988079071,-0.0949999988079071,False
2026-07-08,SZ002585,-0.0138292092647841,41.53499984741211,-0.0511003658175468,0.0949999988079071,-0.0949999988079071,False
2026-07-08,SZ301068,-0.0152792948144507,55.34400177001953,0.047751747071743,0.1949999928474426,-0.1949999928474426,False
2026-07-08,SZ301038,-0.0173782216455883,32.99599838256836,0.0008938329410739,0.1949999928474426,-0.1949999928474426,False
2026-07-08,SZ002951,-0.0189999076426648,16.1200008392334,-0.0243447944521904,0.0949999988079071,-0.0949999988079071,False
2026-07-08,SH603608,-0.0211904786388802,38.18999862670898,-0.0898149609565734,0.0949999988079071,-0.0949999988079071,False
2026-07-08,SH600793,-0.0259879258693132,34.71799850463867,-0.0170881766825914,0.0949999988079071,-0.0949999988079071,False
2026-07-08,SH605118,-0.0277118135455937,39.0,-0.019637593999505,0.0949999988079071,-0.0949999988079071,False
2026-07-08,SH603861,-0.0397032051425212,15.381999969482422,-0.042084127664566,0.0949999988079071,-0.0949999988079071,False
2026-07-08,SZ300276,-0.0422465661249463,114.34500122070312,-0.0911783128976821,0.1949999928474426,-0.1949999928474426,False
2026-07-08,SZ002607,-0.0457436884355169,22.90800094604492,-0.070692703127861,0.0949999988079071,-0.0949999988079071,False
2026-07-08,SH603178,-0.0513886173386915,16.31999969482422,-0.0436484068632125,0.0949999988079071,-0.0949999988079071,False
2026-07-08,SZ001311,-0.0632612665617661,53.88999938964844,-0.0920554772019386,0.0949999988079071,-0.0949999988079071,False
2026-07-08,SZ000593,-0.0634046501042662,147.62600708007812,-0.0783902034163475,0.0949999988079071,-0.0949999988079071,False
2026-07-08,SZ002497,-0.0690009280344382,151.13999938964844,-0.0321762710809707,0.0949999988079071,-0.0949999988079071,False
2026-07-08,SH688548,-0.0786133139973909,49.06100082397461,0.0162238981574773,0.1949999928474426,-0.1949999928474426,False
2026-07-08,SH601121,-0.1020005611154207,6.973999977111816,0.0176169369369745,0.0949999988079071,-0.0949999988079071,False
2026-07-08,SH603356,-0.1188603068777007,17.739999771118164,-0.0400298424065113,0.0949999988079071,-0.0949999988079071,False
2026-07-08,SZ300588,-0.1189273573786493,39.071998596191406,0.1083677858114242,0.1949999928474426,-0.1949999928474426,False
2026-07-08,SZ002137,-0.1301999854041791,39.63999938964844,0.0679384618997573,0.0949999988079071,-0.0949999988079071,False
2026-07-08,SH605399,-0.1415905708986685,25.836000442504883,-0.0114987036213278,0.0949999988079071,-0.0949999988079071,False
2026-07-08,SZ301237,-0.1683925032728763,77.9000015258789,-0.1079480499029159,0.1949999928474426,-0.1949999928474426,False
2026-07-08,SH600120,-0.2171609994663564,277.5849914550781,0.0191410612314939,0.0949999988079071,-0.0949999988079071,False
2026-07-08,SZ001365,-0.3174229257185165,46.5099983215332,0.0701794624328613,0.0949999988079071,-0.0949999988079071,False
2026-07-09,SH603285,0.1704255951513346,48.5,-0.0244891811162233,0.0949999988079071,-0.0949999988079071,True
2026-07-09,SZ002207,0.1603496247185033,12.84000015258789,0.0229246336966753,0.0949999988079071,-0.0949999988079071,True
2026-07-09,SZ301369,0.1336041834938743,524.2930297851562,0.0147942434996366,0.1949999928474426,-0.1949999928474426,True
2026-07-09,SZ300687,0.1315152349107117,135.76600646972656,0.0762978941202163,0.1949999928474426,-0.1949999928474426,True
2026-07-09,SZ301397,0.118293113875217,60.22600173950195,-0.0231726691126823,0.1949999928474426,-0.1949999928474426,True
2026-07-09,SH688368,0.1159644173895753,397.7969970703125,0.002561209257692,0.1949999928474426,-0.1949999928474426,True
2026-07-09,SH603183,0.1130429958234988,20.511999130249023,0.0129858935251832,0.0949999988079071,-0.0949999988079071,True
2026-07-09,SZ002350,0.11017617515968,73.37799835205078,-0.0038337439764291,0.0949999988079071,-0.0949999988079071,True
2026-07-09,SZ002512,0.1087778364675396,24.11899948120117,0.0061331358738243,0.0949999988079071,-0.0949999988079071,True
2026-07-09,SH603339,0.1069810954125546,24.674999237060547,-0.016147032380104,0.0949999988079071,-0.0949999988079071,True
2026-07-09,SZ301183,0.1052001286468446,220.3099975585937,-0.0067766401916742,0.1949999928474426,-0.1949999928474426,False
2026-07-09,SZ002642,0.0947747098107195,31.584999084472656,0.0054469937458634,0.0949999988079071,-0.0949999988079071,False
2026-07-09,SH603789,0.0944087579843255,9.949999809265137,0.0367773734033107,0.0949999988079071,-0.0949999988079071,False
2026-07-09,SH601010,0.0918007586914209,11.12399959564209,0.026030495762825,0.0949999988079071,-0.0949999988079071,False
2026-07-09,SZ300164,0.0915657080919801,53.1870002746582,0.0789049714803695,0.1949999928474426,-0.1949999928474426,False
2026-07-09,SZ301345,0.0680787075030596,274.29998779296875,-0.0046287355944514,0.1949999928474426,-0.1949999928474426,False
2026-07-09,SZ300454,0.0609285248250782,106.27300262451172,-0.0103774350136518,0.1949999928474426,-0.1949999928474426,False
2026-07-09,SZ001207,0.0607545538119262,24.84199905395508,-0.0149425193667411,0.0949999988079071,-0.0949999988079071,False
2026-07-09,SH688508,0.0587107576354918,98.7699966430664,-0.0140554793179035,0.1949999928474426,-0.1949999928474426,False
2026-07-09,SH603881,0.0583046178734144,90.53600311279295,0.0078614922240376,0.0949999988079071,-0.0949999988079071,False
2026-07-09,SZ300590,0.0568635276929028,86.16200256347656,-0.0045103430747985,0.1949999928474426,-0.1949999928474426,False
2026-07-09,SZ301277,0.0551692329155927,31.63400077819824,-0.0261408127844333,0.1949999928474426,-0.1949999928474426,False
2026-07-09,SH688692,0.0551135970840312,349.7239990234375,-0.0190148428082466,0.1949999928474426,-0.1949999928474426,False
2026-07-09,SH688141,0.054874752431062,172.72000122070312,-0.0241807848215103,0.1949999928474426,-0.1949999928474426,False
2026-07-09,SZ300504,0.0546662513735194,18.18000030517578,-0.010451260022819,0.1949999928474426,-0.1949999928474426,False
2026-07-09,SH688691,0.0516075236630125,110.91799926757812,-0.0318532101809978,0.1949999928474426,-0.1949999928474426,False
2026-07-09,SZ300287,0.0502788804849742,46.83399963378906,-0.0331655517220497,0.1949999928474426,-0.1949999928474426,False
2026-07-09,SZ000935,0.0486079533183672,51.6870002746582,-0.0075356769375503,0.0949999988079071,-0.0949999988079071,False
2026-07-09,SZ300821,0.0478730102984241,27.200000762939453,-0.0005823879037052,0.1949999928474426,-0.1949999928474426,False
2026-07-09,SZ002856,0.0478358877290757,22.530000686645508,0.0337191484868526,0.0949999988079071,-0.0949999988079071,False
2026-07-09,SH600187,0.0466797347877697,4.73799991607666,-0.0259740650653839,0.0949999988079071,-0.0949999988079071,False
2026-07-09,SZ002757,0.0431424472660511,48.2760009765625,-0.0156798977404832,0.0949999988079071,-0.0949999988079071,False
2026-07-09,SZ002546,0.041601024744791,76.26200103759766,0.038122396916151,0.0949999988079071,-0.0949999988079071,False
2026-07-09,SH688561,0.0414587432636453,25.040000915527344,-0.0218749791383743,0.1949999928474426,-0.1949999928474426,False
2026-07-09,SZ301665,0.0410370207628674,24.01000022888184,-0.0376803129911422,0.1949999928474426,-0.1949999928474426,False
2026-07-09,SH688489,0.0409249898078153,52.67300033569336,-0.0085227461531758,0.1949999928474426,-0.1949999928474426,False
2026-07-09,SZ300768,0.0405733166764322,25.07999992370605,-0.0189346838742494,0.1949999928474426,-0.1949999928474426,False
2026-07-09,SZ001365,0.0397209536300277,47.54999923706055,-0.0054382374510169,0.0949999988079071,-0.0949999988079071,False
2026-07-09,SH688138,0.0372738526386615,46.54999923706055,0.0006561666959896,0.1949999928474426,-0.1949999928474426,False
2026-07-09,SZ300188,0.036628661432685,137.16799926757812,-0.0169389825314283,0.1949999928474426,-0.1949999928474426,False
2026-07-09,SZ301291,0.0350236814812169,39.65999984741211,-0.0323644801974296,0.1949999928474426,-0.1949999928474426,False
2026-07-09,SZ002864,0.0312200919254539,31.459999084472656,0.0172617863863706,0.0949999988079071,-0.0949999988079071,False
2026-07-09,SZ002542,0.0306192923078447,28.600000381469727,0.0508211068809032,0.0949999988079071,-0.0949999988079071,False
2026-07-09,SZ300017,0.0296266303201425,365.7369995117188,0.0361888781189918,0.1949999928474426,-0.1949999928474426,False
2026-07-09,SH688347,0.0280867979455052,358.5599975585937,7.189033931354061e-05,0.1949999928474426,-0.1949999928474426,False
2026-07-09,SZ002152,0.0276018914736448,184.9010009765625,0.0515872947871685,0.0949999988079071,-0.0949999988079071,False
2026-07-09,SZ002910,0.0257684356994485,12.503999710083008,-0.0548819378018379,0.0949999988079071,-0.0949999988079071,False
2026-07-09,SZ002467,0.0256423071079691,55.2760009765625,-0.005076942499727,0.0949999988079071,-0.0949999988079071,False
2026-07-09,SH688635,0.0236049815165828,383.9800109863281,-0.0311119742691516,0.1949999928474426,-0.1949999928474426,False
2026-07-09,SZ002490,0.0209532121124917,14.75,0.0345027893781662,0.0949999988079071,-0.0949999988079071,False
2026-07-09,SZ002268,0.0203880609450206,128.02999877929688,-0.0424198769032955,0.0949999988079071,-0.0949999988079071,False
2026-07-09,SH600602,0.0136727231881475,8189.35400390625,0.0211846586316823,0.0949999988079071,-0.0949999988079071,False
2026-07-09,SZ000639,0.0131738868055417,14.055999755859377,0.0393957942724227,0.0949999988079071,-0.0949999988079071,False
2026-07-09,SH600129,0.0120919539814973,37.99700164794922,0.0219388715922832,0.0949999988079071,-0.0949999988079071,False
2026-07-09,SH688361,0.0102038027532455,418.6799926757813,0.0258547347038984,0.1949999928474426,-0.1949999928474426,False
2026-07-09,SZ002261,0.0086557549211197,309.3519897460937,0.004682675935328,0.0949999988079071,-0.0949999988079071,False
2026-07-09,SH603496,0.00708617167157,71.322998046875,0.0313488058745861,0.0949999988079071,-0.0949999988079071,False
2026-07-09,SZ003013,0.0037644539071528,18.290000915527344,0.017639810219407,0.0949999988079071,-0.0949999988079071,False
2026-07-09,SZ301202,0.0034055755783027,38.63999938964844,-0.054452933371067,0.1949999928474426,-0.1949999928474426,False
2026-07-09,SZ002038,0.002603508997887,116.59400177001952,-0.0700592249631881,0.0949999988079071,-0.0949999988079071,False
2026-07-09,SZ300418,4.914466855455361e-05,198.2460021972656,0.0393602438271045,0.1949999928474426,-0.1949999928474426,False
2026-07-09,SZ002396,-0.0158097247514749,117.0739974975586,-0.0274885986000299,0.0949999988079071,-0.0949999988079071,False
2026-07-09,SZ000759,-0.016797318855714,47.73199844360352,-0.0184170678257942,0.0949999988079071,-0.0949999988079071,False
2026-07-09,SZ001208,-0.0185053675550446,14.897000312805176,-0.0208753161132335,0.0949999988079071,-0.0949999988079071,False
2026-07-09,SH603313,-0.0221212076801688,14.493000030517578,0.0343234837055206,0.0949999988079071,-0.0949999988079071,False
2026-07-09,SZ002677,-0.0232200361165465,39.290000915527344,0.0845568105578422,0.0949999988079071,-0.0949999988079071,False
2026-07-09,SZ002951,-0.0243906952014945,18.239999771118164,0.0004999983939342,0.0949999988079071,-0.0949999988079071,False
2026-07-09,SZ301669,-0.0303817386120356,34.59000015258789,-0.0346079170703887,0.1949999928474426,-0.1949999928474426,False
2026-07-09,SH603661,-0.03047042212586,61.48799896240234,-0.0636439695954322,0.0949999988079071,-0.0949999988079071,False
2026-07-09,SZ300369,-0.0305931521508665,57.47200012207031,0.0281140189617872,0.1949999928474426,-0.1949999928474426,False
2026-07-09,SZ301251,-0.0309205247046214,77.3740005493164,-0.0963299348950386,0.1949999928474426,-0.1949999928474426,False
2026-07-09,SZ000506,-0.0373433441051285,37.87900161743164,-0.0180617589503526,0.0949999988079071,-0.0949999988079071,False
2026-07-09,SH600350,-0.0408979776981257,17.548999786376953,-0.0912711769342422,0.0949999988079071,-0.0949999988079071,False
2026-07-09,SZ000518,-0.0430053222855864,30.88800048828125,0.049668051302433,0.0949999988079071,-0.0949999988079071,False
2026-07-09,SZ000948,-0.0490062666288729,31.80900001525879,0.0419294759631156,0.0949999988079071,-0.0949999988079071,False
2026-07-09,SH600749,-0.0502296354684711,36.012001037597656,-0.0228677280247211,0.0949999988079071,-0.0949999988079071,False
2026-07-09,SH688448,-0.0522902814376458,91.98300170898438,0.0541557930409908,0.1949999928474426,-0.1949999928474426,False
2026-07-09,SH603380,-0.0537030516863916,46.5,-0.0850673988461494,0.0949999988079071,-0.0949999988079071,False
2026-07-09,SH600488,-0.0578336789699279,27.325000762939453,-0.0428400747478008,0.0949999988079071,-0.0949999988079071,False
2026-07-09,SZ301151,-0.0586476966475825,22.6200008392334,-0.0369719713926315,0.1949999928474426,-0.1949999928474426,False
2026-07-09,SH603178,-0.0681348904485773,17.229999542236328,-0.0772895738482475,0.0949999988079071,-0.0949999988079071,False
2026-07-09,SZ301520,-0.0719828740688768,57.23400115966797,-0.0620070546865463,0.1949999928474426,-0.1949999928474426,False
2026-07-09,SZ000838,-0.0815146534641412,20.76799964904785,0.0418095476925373,0.0949999988079071,-0.0949999988079071,False
2026-07-09,SZ301321,-0.0837172707842433,76.44499969482422,0.0201880540698766,0.1949999928474426,-0.1949999928474426,False
2026-07-09,SH603296,-0.1187808507054256,156.19700622558594,-0.0076048681512475,0.0949999988079071,-0.0949999988079071,False
2026-07-09,SZ300588,-0.1202977668620985,36.73600006103516,-0.1112336963415145,0.1949999928474426,-0.1949999928474426,False
2026-07-09,SZ002841,-0.1275069311057426,90.4459991455078,0.0493440330028533,0.0949999988079071,-0.0949999988079071,False
2026-07-09,SZ301165,-0.1304104886917159,208.7169952392578,-0.0032148929312825,0.1949999928474426,-0.1949999928474426,False
2026-07-09,SZ002674,-0.1663622165984954,33.40999984741211,0.0144380964338779,0.0949999988079071,-0.0949999988079071,False
2026-07-09,SH600288,-0.1675900284848936,52.75199890136719,-0.0447121448814868,0.0949999988079071,-0.0949999988079071,False
2026-07-09,SZ001229,-0.1719824202494003,62.7859992980957,0.0198450535535812,0.0949999988079071,-0.0949999988079071,False
2026-07-09,SH600759,-0.2153174922732945,9.895000457763672,0.0748420283198356,0.0949999988079071,-0.0949999988079071,False
2026-07-09,SH600756,-0.2332068906593948,64.11900329589844,0.0787789672613143,0.0949999988079071,-0.0949999988079071,False
2026-07-09,SH600094,-0.3702225407705951,13.100000381469728,-0.0030489785131067,0.0949999988079071,-0.0949999988079071,False
2026-07-09,SZ000078,-0.374877011418942,40.02399826049805,0.0396610833704471,0.0949999988079071,-0.0949999988079071,False
2026-07-10,SH688328,0.2553249691051739,123.19000244140624,0.1996949613094329,0.1949999928474426,-0.1949999928474426,False
2026-07-10,SH603986,0.1829176291903297,3889.614990234375,0.0617096349596977,0.0949999988079071,-0.0949999988079071,True
2026-07-10,SH688797,0.152306179904451,533.989990234375,0.0366322323679924,0.1949999928474426,-0.1949999928474426,True
2026-07-10,SH600584,0.1481201453026291,417.4240112304688,0.0916295424103736,0.0949999988079071,-0.0949999988079071,True
2026-07-10,SZ300626,0.1431476654069843,59.47100067138672,-0.0136237321421504,0.1949999928474426,-0.1949999928474426,True
2026-07-10,SZ300604,0.138653805055025,2646.8369140625,0.0299834944307804,0.1949999928474426,-0.1949999928474426,True
2026-07-10,SH603757,0.135371910700545,165.21400451660156,0.0168939959257841,0.0949999988079071,-0.0949999988079071,True
2026-07-10,SZ300469,0.1350953071294094,191.7140045166016,0.0478398650884628,0.1949999928474426,-0.1949999928474426,True
2026-07-10,SZ301486,0.1294887433026318,210.13999938964844,0.0149225024506449,0.1949999928474426,-0.1949999928474426,True
2026-07-10,SH688375,0.1245816433276126,158.8209991455078,0.0061969766393303,0.1949999928474426,-0.1949999928474426,True
2026-07-10,SH688008,0.1233173414986915,298.8900146484375,0.0377104394137859,0.1949999928474426,-0.1949999928474426,True
2026-07-10,SH688610,0.1228200949620525,245.0800018310547,0.0567912384867668,0.1949999928474426,-0.1949999928474426,False
2026-07-10,SH605319,0.1192788066444083,36.6259994506836,0.0248609185218811,0.0949999988079071,-0.0949999988079071,False
2026-07-10,SH600206,0.1188075423757146,193.5,0.0710510611534118,0.0949999988079071,-0.0949999988079071,False
2026-07-10,SZ301618,0.1171146116332855,84.2239990234375,0.0212988704442977,0.1949999928474426,-0.1949999928474426,False
2026-07-10,SH688820,0.1153022816251809,218.5,0.0358395650982856,0.1949999928474426,-0.1949999928474426,False
2026-07-10,SH688233,0.112912025744916,201.52999877929688,0.0175155419856309,0.1949999928474426,-0.1949999928474426,False
2026-07-10,SH603933,0.1063634975410482,48.165000915527344,0.0113150859251618,0.0949999988079071,-0.0949999988079071,False
2026-07-10,SH603898,0.1059103132269653,54.1510009765625,0.1001441776752471,0.0949999988079071,-0.0949999988079071,False
2026-07-10,SZ301307,0.1038492769049357,98.52999877929688,0.0599357821047306,0.1949999928474426,-0.1949999928474426,False
2026-07-10,SH688531,0.1035873012653281,415.12799072265625,0.0052054552361369,0.1949999928474426,-0.1949999928474426,False
2026-07-10,SZ300922,0.1030649813304214,26.347999572753903,0.0588564872741699,0.1949999928474426,-0.1949999928474426,False
2026-07-10,SH688720,0.1011580501144149,165.93899536132812,0.1201060861349105,0.1949999928474426,-0.1949999928474426,False
2026-07-10,SH688103,0.0935636418777969,110.39099884033205,0.0800817906856536,0.1949999928474426,-0.1949999928474426,False
2026-07-10,SZ300506,0.0877331298061843,40.948001861572266,-0.0071182865649461,0.1949999928474426,-0.1949999928474426,False
2026-07-10,SH600667,0.0840805991482724,107.4459991455078,0.0557756349444389,0.0949999988079071,-0.0949999988079071,False
2026-07-10,SH603005,0.078495429219259,133.98800659179688,0.0809996873140335,0.0949999988079071,-0.0949999988079071,False
2026-07-10,SH688167,0.0736426032465233,450.3689880371094,0.0727998688817024,0.1949999928474426,-0.1949999928474426,False
2026-07-10,SH603156,0.0714038017906262,144.94900512695312,-0.0312913320958614,0.0949999988079071,-0.0949999988079071,False
2026-07-10,SH603061,0.0709153238043989,720.1849975585938,0.0172066390514373,0.0949999988079071,-0.0949999988079071,False
2026-07-10,SH688181,0.0692706551335967,82.16699981689453,0.0295382253825664,0.1949999928474426,-0.1949999928474426,False
2026-07-10,SH688809,0.061551959924331,594.7999877929688,-0.0018282118253409,0.1949999928474426,-0.1949999928474426,False
2026-07-10,SH688262,0.0615336339424489,66.59700012207031,0.0101840877905488,0.1949999928474426,-0.1949999928474426,False
2026-07-10,SZ300236,0.060581306644068,318.8819885253906,-0.0052350214682519,0.1949999928474426,-0.1949999928474426,False
2026-07-10,SZ301323,0.059572700385179,83.38999938964844,-0.0063864956609904,0.1949999928474426,-0.1949999928474426,False
2026-07-10,SH688362,0.05885756077218,119.58499908447266,0.0406620018184185,0.1949999928474426,-0.1949999928474426,False
2026-07-10,SH688025,0.0584085533928089,456.6109924316406,0.019784091040492,0.1949999928474426,-0.1949999928474426,False
2026-07-10,SH688785,0.0578107066289317,423.3999938964844,-0.0034134029410779,0.1949999928474426,-0.1949999928474426,False
2026-07-10,SZ301303,0.057509167420089,23.558000564575195,-0.0336043462157249,0.1949999928474426,-0.1949999928474426,False
2026-07-10,SZ300071,0.05714622492056,46.39400100708008,0.0086091486737132,0.1949999928474426,-0.1949999928474426,False
2026-07-10,SH688207,0.0566507632907235,32.900001525878906,0.0190806947648525,0.1949999928474426,-0.1949999928474426,False
2026-07-10,SZ301295,0.0556598805602003,70.052001953125,0.0119363190606236,0.1949999928474426,-0.1949999928474426,False
2026-07-10,SH688727,0.055204856111245,70.18000030517578,0.0218404196202754,0.1949999928474426,-0.1949999928474426,False
2026-07-10,SH688387,0.054901939984347,20.6200008392334,0.0,0.1949999928474426,-0.1949999928474426,False
2026-07-10,SH688179,0.0541096550456676,95.0790023803711,-0.0129800895228981,0.1949999928474426,-0.1949999928474426,False
2026-07-10,SZ301172,0.0536713661823455,39.02199935913086,-0.0211157780140638,0.1949999928474426,-0.1949999928474426,False
2026-07-10,SH603688,0.0523331333113729,173.4600067138672,0.0461085550487041,0.0949999988079071,-0.0949999988079071,False
2026-07-10,SH603726,0.05188485823683,75.58200073242188,0.033781886100769,0.0949999988079071,-0.0949999988079071,False
2026-07-10,SH688206,0.0506072633618556,53.86000061035156,0.0136471902951598,0.1949999928474426,-0.1949999928474426,False
2026-07-10,SH688403,0.0505196504340486,40.025001525878906,0.0025581330992281,0.1949999928474426,-0.1949999928474426,False
2026-07-10,SH688048,0.0478817616708564,633.156982421875,0.0294010806828737,0.1949999928474426,-0.1949999928474426,False
2026-07-10,SZ300270,0.0435319400545679,85.68399810791016,-0.0127041824162006,0.1949999928474426,-0.1949999928474426,False
2026-07-10,SH688519,0.0424152693713821,363.4100036621094,0.0308898612856864,0.1949999928474426,-0.1949999928474426,False
2026-07-10,SH688012,0.0423609455631268,721.7440185546875,0.0253249444067478,0.1949999928474426,-0.1949999928474426,False
2026-07-10,SH688307,0.0420907494446824,100.13600158691406,-0.0061845025047659,0.1949999928474426,-0.1949999928474426,False
2026-07-10,SZ301607,0.0398074094897377,118.30500030517578,0.0498430915176868,0.1949999928474426,-0.1949999928474426,False
2026-07-10,SH603222,0.0377348876785213,30.56100082397461,0.049352329224348,0.0949999988079071,-0.0949999988079071,False
2026-07-10,SH688766,0.0365177434037427,3163.27490234375,0.0140508450567722,0.1949999928474426,-0.1949999928474426,False
2026-07-10,SZ300845,0.0331994324970605,29.7450008392334,-0.039135992527008,0.1949999928474426,-0.1949999928474426,False
2026-07-10,SH688333,0.0318804065271074,326.6650085449219,0.0981603786349296,0.1949999928474426,-0.1949999928474426,False
2026-07-10,SH688249,0.0306028242547692,64.05999755859375,-0.0194471422582864,0.1949999928474426,-0.1949999928474426,False
2026-07-10,SH688795,0.0303565341964953,754.0,-0.0065876152366399,0.1949999928474426,-0.1949999928474426,False
2026-07-10,SH605358,0.0291367689515941,101.78199768066406,0.0618849322199821,0.0949999988079071,-0.0949999988079071,False
2026-07-10,SH688981,0.0287035069303646,175.97000122070312,0.0171676371246576,0.1949999928474426,-0.1949999928474426,False
2026-07-10,SH688352,0.0285616755840027,24.670000076293945,0.0361053831875324,0.1949999928474426,-0.1949999928474426,False
2026-07-10,SH688347,0.0263730832836585,399.1400146484375,-0.003799689002335,0.1949999928474426,-0.1949999928474426,False
2026-07-10,SH688123,0.0254750673947782,305.90301513671875,0.0701402723789215,0.1949999928474426,-0.1949999928474426,False
2026-07-10,SH688258,0.0245134469665967,197.63299560546875,0.0169016439467668,0.1949999928474426,-0.1949999928474426,False
2026-07-10,SH688401,0.0241624399007741,143.2259979248047,0.0158847663551569,0.1949999928474426,-0.1949999928474426,False
2026-07-10,SH603666,0.0239429584188375,83.62000274658203,0.0404893197119236,0.0949999988079071,-0.0949999988079071,False
2026-07-10,SZ301379,0.0232055597863407,104.35800170898438,0.0085589494556188,0.1949999928474426,-0.1949999928474426,False
2026-07-10,SZ300821,0.0193210652702601,30.549999237060547,-0.0249352511018514,0.1949999928474426,-0.1949999928474426,False
2026-07-10,SH688627,0.0187562542662619,670.906005859375,0.0339619256556034,0.1949999928474426,-0.1949999928474426,False
2026-07-10,SH688802,0.0124069117682452,945.280029296875,-0.0372754074633121,0.1949999928474426,-0.1949999928474426,False
2026-07-10,SH688057,0.01017257586914,23.270000457763672,-0.0441561974585056,0.1949999928474426,-0.1949999928474426,False
2026-07-10,SH603928,0.0083251386039862,33.45500183105469,0.0192191638052463,0.0949999988079071,-0.0949999988079071,False
2026-07-10,SH688535,0.0066759682084411,275.44000244140625,0.0348398275673389,0.1949999928474426,-0.1949999928474426,False
2026-07-10,SH600770,0.003166281683496,105.02999877929688,0.0190910659730434,0.0949999988079071,-0.0949999988079071,False
2026-07-10,SH600418,0.0005888587692684,93.85299682617188,0.0161219276487827,0.0949999988079071,-0.0949999988079071,False
2026-07-10,SH688172,-0.0006460970432903,89.5199966430664,0.0132990479469299,0.1949999928474426,-0.1949999928474426,False
2026-07-10,SH688126,-0.0007381461636088,40.04999923706055,0.0739875733852386,0.1949999928474426,-0.1949999928474426,False
2026-07-10,SH688147,-0.0168867582742214,158.60299682617188,0.0082296393811702,0.1949999928474426,-0.1949999928474426,False
2026-07-10,SH600228,-0.0258158773555837,10.657999992370604,-0.0622341483831405,0.0949999988079071,-0.0949999988079071,False
2026-07-10,SH688146,-0.0259241677407359,345.7869873046875,-0.0514976195991039,0.1949999928474426,-0.1949999928474426,False
2026-07-10,SH688733,-0.0280363372270403,45.959999084472656,0.0474537350237369,0.1949999928474426,-0.1949999928474426,False
2026-07-10,SH688120,-0.0345361721568811,1731.738037109375,0.0842317566275596,0.1949999928474426,-0.1949999928474426,False
2026-07-10,SH603329,-0.0367601264093409,14.138999938964844,-0.0404862388968467,0.0949999988079071,-0.0949999988079071,False
2026-07-10,SH688584,-0.0496911591218733,48.68899917602539,0.1953140646219253,0.1949999928474426,-0.1949999928474426,False
2026-07-10,SZ300164,-0.0540087921994897,51.68999862670898,-0.0730724334716796,0.1949999928474426,-0.1949999928474426,False
2026-07-10,SH600909,-0.0641989426507164,13.251999855041504,0.0217099320143461,0.0949999988079071,-0.0949999988079071,False
2026-07-10,SH688449,-0.08038450923429,88.41999816894531,0.0789176896214485,0.1949999928474426,-0.1949999928474426,False
2026-07-10,SH603813,-0.0847638721433284,37.15299987792969,-0.0145978555083274,0.0949999988079071,-0.0949999988079071,False
2026-07-10,SH688432,-0.1085229918751827,57.334999084472656,0.0628269463777542,0.1949999928474426,-0.1949999928474426,False
2026-07-10,SH688371,-0.1186819786675733,47.369998931884766,0.1263385415077209,0.1949999928474426,-0.1949999928474426,False
2026-07-10,SH600992,-0.1507060591520606,11.46399974822998,0.0676120966672897,0.0949999988079071,-0.0949999988079071,False
2026-07-10,SH603991,-0.1617357276703266,175.4600067138672,0.0485263802111148,0.0949999988079071,-0.0949999988079071,False
2026-07-10,SH688502,-0.3218143456382247,690.97998046875,0.1475360542535781,0.1949999928474426,-0.1949999928474426,False
2026-07-14,SH688328,0.4882646998463484,102.49,-0.0027244979294771543,0.195,-0.195,True
2026-07-14,SZ300484,0.48151890223137467,56.72,-2.1521563975390734e-08,0.195,-0.195,True
2026-07-14,SH600428,0.47947109385781106,50.587,0.027898550788669763,0.095,-0.095,True
2026-07-14,SZ002346,0.47706551055293994,46.105,-0.005178578366201725,0.095,-0.095,True
2026-07-14,SH688293,0.4745738622411804,73.345,0.08873786159274033,0.195,-0.195,True
2026-07-14,SZ002681,0.4745738622411804,52.015,0.011748472314302427,0.095,-0.095,True
2026-07-14,SH688319,0.4745738622411804,37.858,0.059320641869959445,0.195,-0.195,True
2026-07-14,SZ000933,0.4728015266345332,248.712,0.018238970210887606,0.095,-0.095,True
2026-07-14,SZ002524,0.4683559294195995,16.657,0.008292950268772303,0.095,-0.095,True
2026-07-14,SZ300347,0.4683559294195995,600.744,0.016858959409178587,0.195,-0.195,True
2026-07-14,SH600664,0.4680554703106998,53.826,0.05626092322875853,0.095,-0.095,False
2026-07-14,SZ301117,0.4669225768196652,35.497,-0.015230577941534595,0.195,-0.195,False
2026-07-14,SZ002548,0.4669225768196652,20.44,-0.020556782398102658,0.095,-0.095,False
2026-07-14,SZ002144,0.46586924509199973,12.32,0.015663634275888016,0.095,-0.095,False
2026-07-14,SZ002219,0.46586924509199973,44.27,0.015134129337567082,0.095,-0.095,False
2026-07-14,SZ002687,0.46586924509199973,37.172,0.015850485380416002,0.095,-0.095,False
2026-07-14,SZ300933,0.46532044930827093,6.12,-0.02702702112623634,0.195,-0.195,False
2026-07-14,SZ000620,0.4653172713955383,7.63,-0.026164650561438463,0.095,-0.095,False
2026-07-14,SZ002623,0.4653172713955383,16.773,-0.014686054551535488,0.095,-0.095,False
2026-07-14,SH600821,0.4653172713955383,31.148,-0.026533729646011306,0.095,-0.095,False
2026-07-14,SZ300984,0.4653172713955383,130.972,-0.019252220495861616,0.195,-0.195,False
2026-07-14,SH600192,0.4653172713955383,7.528,-0.01025505484379674,0.095,-0.095,False
2026-07-14,SH603578,0.4653172713955383,24.286,-0.020528335338889092,0.095,-0.095,False
2026-07-14,SZ300069,0.4649117476753477,77.348,-0.02025407709760052,0.195,-0.195,False
2026-07-14,SZ301230,0.46449607649232,73.416,0.009002053281296885,0.195,-0.195,False
2026-07-14,SZ300071,0.46338065784353943,50.282,-0.02308142981401906,0.195,-0.195,False
2026-07-14,SZ002121,0.46336575791670465,78.338,-0.011358173782624048,0.095,-0.095,False
2026-07-14,SZ300441,0.46336575791670465,48.407,-0.019684513367895007,0.195,-0.195,False
2026-07-14,SZ301367,0.462957286583205,89.097,-0.0072094320749787055,0.195,-0.195,False
2026-07-14,SZ300363,0.462957286583205,76.35,-0.000981394161110094,0.195,-0.195,False
2026-07-14,SZ002693,0.462957286583205,34.794,-0.015282720308647857,0.095,-0.095,False
2026-07-14,SZ300244,0.462957286583205,205.329,-0.015175551568864631,0.195,-0.195,False
2026-07-14,SH688238,0.462957286583205,8.567,-4.5418361516169625e-08,0.195,-0.195,False
2026-07-14,SZ301310,0.4621486621202465,134.91,-0.019100333106824463,0.195,-0.195,False
2026-07-14,SZ002606,0.46187580363674585,54.734,-0.012983708736911681,0.095,-0.095,False
2026-07-14,SZ000892,0.46177698116538257,9.786,-0.02159566668386126,0.095,-0.095,False
2026-07-14,SZ002479,0.4614955392994436,24.108,0.002828580777163525,0.095,-0.095,False
2026-07-14,SZ300680,0.4606851497119788,76.211,-0.021455582843120435,0.195,-0.195,False
2026-07-14,SZ000920,0.4601888839058698,37.175,-0.010381968347303316,0.095,-0.095,False
2026-07-14,SZ002038,0.45948793655806874,126.508,-0.012520290978457749,0.095,-0.095,False
2026-07-14,SZ300759,0.45915001339337796,82.28,0.03509878237777775,0.195,-0.195,False
2026-07-14,SZ002989,0.4589639857245719,35.684,-0.0053517519685417625,0.095,-0.095,False
2026-07-14,SZ000887,0.4575019799239786,473.555,-0.019597483691811912,0.095,-0.095,False
2026-07-14,SH688726,0.4575019799239786,43.76,-0.021466931898443065,0.195,-0.195,False
2026-07-14,SZ301616,0.45644055252097465,34.74,-0.011383022100059148,0.195,-0.195,False
2026-07-14,SH688511,0.4552718617586932,46.226,-0.009768202182717456,0.195,-0.195,False
2026-07-14,SZ300528,0.45435491226313207,16.612,-0.006459289341491425,0.195,-0.195,False
2026-07-14,SZ300105,0.45212183321662147,52.129,-3.10274818060563e-08,0.195,-0.195,False
2026-07-14,SZ003020,0.45026208089516667,54.977,0.0017857172995148218,0.095,-0.095,False
2026-07-14,SZ300918,0.44591787885753337,11.095,-0.04476967553724742,0.195,-0.195,False
2026-07-14,SZ300129,0.44591787885753337,46.649,-0.04213466262750476,0.195,-0.195,False
2026-07-14,SZ002657,0.44591787885753337,53.205,-0.033988773457458654,0.095,-0.095,False
2026-07-14,SZ000048,0.44591787885753337,170.271,-0.03301818151567437,0.095,-0.095,False
2026-07-14,SZ300911,0.4430192564545779,38.206,-0.03542127088770364,0.195,-0.195,False
2026-07-14,SH600410,0.4430192564545779,135.94,-0.04741211969573522,0.095,-0.095,False
2026-07-14,SZ000573,0.4430192564545779,31.249,-0.02529636115258105,0.095,-0.095,False
2026-07-14,SZ301588,0.44232368947007883,43.79,-0.026023111839357793,0.195,-0.195,False
2026-07-14,SZ300255,0.4420457823635724,191.431,-0.020357284729013436,0.195,-0.195,False
2026-07-14,SZ002202,0.4410850410723958,143.469,-0.05727238360166187,0.095,-0.095,False
2026-07-14,SZ000810,0.4410850410723958,60.475,-0.05888673224612573,0.095,-0.095,False
2026-07-14,SZ002317,0.4395503604171565,302.93,-0.020373219812118037,0.095,-0.095,False
2026-07-14,SZ301326,0.4391640796516057,116.19,-0.036407379037906584,0.195,-0.195,False
2026-07-14,SZ300952,0.4391640796516057,24.714,-0.024857949261545942,0.195,-0.195,False
2026-07-14,SZ002970,0.4391640796516057,115.18,-0.027031570600290378,0.095,-0.095,False
2026-07-14,SZ002774,0.4391640796516057,17.134,-0.019457531914577775,0.095,-0.095,False
2026-07-14,SZ300786,0.4381929893075736,55.592,-0.05483110782847955,0.195,-0.195,False
2026-07-14,SZ002402,0.4381929893075736,275.502,-0.05735228127411063,0.095,-0.095,False
2026-07-14,SZ003001,0.4381929893075736,26.878,-0.04633834851517615,0.095,-0.095,False
2026-07-14,SZ301092,0.43784079919888114,58.79,-0.05634027736829483,0.195,-0.195,False
2026-07-14,SZ300043,0.4365508375566839,98.046,-0.04068336154680452,0.195,-0.195,False
2026-07-14,SZ002519,0.43367033777195374,60.548,-0.05567853686200275,0.095,-0.095,False
2026-07-14,SH688539,0.43367033777195374,40.292,-0.06619075944641073,0.195,-0.195,False
2026-07-14,SZ300102,0.43367033777195374,99.28,-0.0632195050453851,0.195,-0.195,False
2026-07-14,SZ002828,0.43367033777195374,21.823,-0.05100888307221474,0.095,-0.095,False
2026-07-14,SZ300487,0.4312397864449013,432.737,-0.06988285867813004,0.195,-0.195,False
2026-07-14,SZ002544,0.4312397864449013,99.604,-0.06793680304775973,0.095,-0.095,False
2026-07-14,SZ002414,0.4305620790163765,176.388,-0.06605320341404919,0.095,-0.095,False
2026-07-14,SH688101,0.4305620790163765,18.43,-0.08033936337197889,0.195,-0.195,False
2026-07-14,SH688722,0.4305620790163765,15.937,-0.06511414485734224,0.195,-0.195,False
2026-07-14,SZ002865,0.4305620790163765,67.406,-0.07109491170446736,0.095,-0.095,False
2026-07-14,SZ301218,0.42911074937351046,58.645,-0.08367187499999984,0.195,-0.195,False
2026-07-14,SH688202,0.4277858464644022,160.444,-0.041896610728406336,0.195,-0.195,False
2026-07-14,SZ002361,0.42768622687562724,91.83,-0.07270522940571922,0.095,-0.095,False
2026-07-14,SH688102,0.42768622687562724,68.103,-0.09831984263824389,0.195,-0.195,False
2026-07-14,SZ300455,0.42768622687562724,70.413,-0.07902690061280637,0.195,-0.195,False
2026-07-14,SZ001395,0.4276417658870333,42.167,-0.009164161332197662,0.095,-0.095,False
2026-07-14,SZ002465,0.4270018250570845,75.992,-0.08720510014382321,0.095,-0.095,False
2026-07-14,SZ000901,0.4270018250570845,74.826,-0.1108655167333833,0.095,-0.095,False
2026-07-14,SZ000547,0.4270018250570845,205.221,-0.09854384441189368,0.095,-0.095,False
2026-07-14,SZ001208,0.4270018250570845,14.087,-0.0968134968424863,0.095,-0.095,False
2026-07-14,SZ002115,0.4270018250570845,62.354,-0.09458669590743685,0.095,-0.095,False
2026-07-14,SH601608,0.4270018250570845,7.872,-0.0948602498063209,0.095,-0.095,False
2026-07-14,SZ301005,0.4270018250570845,275.458,-0.13790328846127387,0.195,-0.195,False
2026-07-14,SZ002829,0.4270018250570845,45.716,-0.09716410128610053,0.095,-0.095,False
2026-07-14,SZ003009,0.4270018250570845,55.499,-0.09358310739984232,0.095,-0.095,False
2026-07-14,SZ002342,0.4207949175410977,22.294,-0.09718960963848278,0.095,-0.095,False
2026-07-14,SH688710,0.41909521950012085,78.92,-0.06426365393918843,0.195,-0.195,False
2026-07-14,SH688523,0.41332995334531286,49.52,-0.15249016359129675,0.195,-0.195,False
2026-07-14,SZ300065,0.41330514435166577,188.851,-0.1444756878475978,0.195,-0.195,False
